event_id,status,before_ndvi_mean,before_ndvi_median,before_ndvi_std,before_ndvi_p10,before_ndvi_p90,after_ndvi_mean,after_ndvi_median,after_ndvi_std,after_ndvi_p10,after_ndvi_p90,delta_ndvi_mean,delta_ndvi_median,delta_ndvi_p90,before_nbr_mean,before_nbr_median,before_nbr_std,before_nbr_p10,before_nbr_p90,after_nbr_mean,after_nbr_median,after_nbr_std,after_nbr_p10,after_nbr_p90,dnbr_mean,dnbr_median,dnbr_std,dnbr_p10,dnbr_p25,dnbr_p75,dnbr_p90,dnbr_min,dnbr_max,before_ndvi_valid_percent,after_ndvi_valid_percent,before_nbr_valid_percent,after_nbr_valid_percent,paired_nbr_valid_percent
WB2024_EVT_000716,PASS,0.229512,0.217522,0.149997,0.036181,0.454712,0.299419,0.290976,0.184117,0.057303,0.564922,-0.069906,-0.063401,0.005253,0.164939,0.147851,0.185522,-0.022709,0.420484,0.143362,0.133831,0.200216,-0.103285,0.419116,0.021577,0.018736,0.120571,-0.072138,-0.029397,0.070998,0.131389,-0.994637,0.786487,100.000000,100.000000,100.000000,100.000000,100.000000
WB2024_EVT_000926,PASS,-0.087051,-0.061923,0.414086,-0.714197,0.421888,0.057667,0.035683,0.162832,-0.134717,0.274136,-0.144718,-0.081140,0.165966,-0.444945,-0.397744,0.283008,-0.893467,-0.122452,-0.022040,-0.022133,0.167779,-0.251875,0.188296,-0.422905,-0.370585,0.223746,-0.761724,-0.504421,-0.277701,-0.197881,-1.439608,0.006245,100.000000,100.000000,100.000000,100.000000,100.000000
WB2024_EVT_001083,PASS,0.313268,0.312876,0.138237,0.080484,0.504824,0.325776,0.320116,0.171528,0.074942,0.574187,-0.012508,-0.023875,0.093617,0.086163,0.051076,0.150176,-0.082455,0.330693,0.048792,0.001316,0.164400,-0.118420,0.318058,0.037370,0.023232,0.061538,-0.015335,-0.000743,0.053571,0.137491,-0.212563,0.299282,100.000000,100.000000,100.000000,100.000000,100.000000
WB2024_EVT_001308,PASS,0.507925,0.528310,0.104262,0.353427,0.625064,0.477301,0.533599,0.190696,0.172835,0.689855,0.030624,-0.007550,0.219182,0.277815,0.289280,0.130783,0.088252,0.443800,0.153026,0.209684,0.243599,-0.227100,0.437237,0.124789,0.066646,0.149519,-0.016883,0.014553,0.211044,0.367524,-0.164710,0.667295,100.000000,100.000000,100.000000,100.000000,100.000000
WB2024_EVT_001988,PASS,0.067842,0.047757,0.084906,-0.021645,0.175847,0.172380,0.127562,0.118228,0.084310,0.347347,-0.104538,-0.089401,0.028344,0.130052,0.147939,0.103213,-0.026636,0.243158,-0.043470,-0.074729,0.100348,-0.127974,0.099740,0.173521,0.192847,0.133462,0.001010,0.084047,0.269906,0.330909,-0.410940,0.524116,100.000000,100.000000,100.000000,100.000000,100.000000
WB2024_EVT_002151,PASS,0.452714,0.441576,0.126670,0.308776,0.620244,0.413046,0.404698,0.187564,0.160153,0.678016,0.047499,0.002489,0.231762,0.102330,0.083518,0.142278,-0.036460,0.287339,0.007014,0.039854,0.235351,-0.365337,0.291623,0.112733,0.015618,0.168365,-0.023401,-0.007846,0.274049,0.386797,-0.508536,0.738685,86.274510,100.000000,86.274510,100.000000,86.274510
WB2024_EVT_002255,PASS,0.002607,-0.044877,0.214025,-0.222488,0.312163,0.052999,-0.011253,0.293540,-0.241101,0.474899,-0.050032,-0.067334,0.122607,-0.344429,-0.364467,0.192314,-0.570013,-0.083884,-0.172544,-0.163558,0.311389,-0.566759,0.231633,-0.171885,-0.166659,0.232507,-0.482213,-0.276641,-0.027405,0.077528,-0.976880,0.638715,100.000000,99.646706,100.000000,100.000000,100.000000
WB2024_EVT_002263,PASS,0.204193,0.208279,0.070827,0.104903,0.292432,0.219446,0.196650,0.068208,0.157167,0.312729,-0.015253,-0.002229,0.086352,0.264558,0.267736,0.053541,0.199699,0.326206,-0.084865,-0.108130,0.072871,-0.157499,0.024025,0.349422,0.367020,0.095924,0.221938,0.293587,0.417969,0.456640,-0.172172,0.596691,100.000000,100.000000,100.000000,100.000000,100.000000
WB2024_EVT_002312,PASS,0.269964,0.207831,0.135189,0.183729,0.486719,0.220552,0.167591,0.116312,0.140000,0.407187,0.049412,0.044830,0.100455,0.011942,-0.018884,0.101996,-0.063657,0.143336,-0.155600,-0.227187,0.193919,-0.355315,0.119727,0.167543,0.205297,0.139794,-0.008213,0.032116,0.296882,0.331077,-0.261203,0.418982,100.000000,100.000000,100.000000,100.000000,100.000000
WB2024_EVT_002359,PASS,0.309642,0.278356,0.110616,0.212729,0.467147,0.295278,0.260504,0.104727,0.196793,0.452979,0.014364,0.016856,0.054238,0.043394,0.039607,0.102063,-0.059146,0.167705,0.025938,0.016725,0.112902,-0.120339,0.183022,0.017456,0.008997,0.077020,-0.066042,-0.026009,0.045727,0.134954,-0.556877,0.305406,100.000000,100.000000,100.000000,100.000000,100.000000
WB2024_EVT_002579,PASS,0.363284,0.354469,0.125804,0.201131,0.537887,0.290283,0.259122,0.121415,0.162050,0.468818,0.073001,-0.001268,0.327600,0.038955,0.040224,0.125337,-0.128222,0.198203,-0.050560,-0.057047,0.115293,-0.189071,0.108417,0.089515,0.021639,0.130940,-0.016044,-0.000986,0.214230,0.315423,-0.071926,0.429293,100.000000,100.000000,100.000000,100.000000,100.000000
WB2024_EVT_002597,PASS,0.312935,0.204838,0.203036,0.151442,0.651111,0.313796,0.150117,0.289172,0.068559,0.822529,-0.000861,0.046909,0.105712,0.055061,-0.019843,0.251999,-0.108969,0.424673,-0.070616,-0.103444,0.350837,-0.439270,0.485804,0.125678,0.043258,0.203026,-0.099423,-0.008921,0.325248,0.385197,-0.474302,0.821499,100.000000,100.000000,100.000000,100.000000,100.000000
WB2024_EVT_002703,PASS,0.441322,0.637465,0.416401,-0.306854,0.809055,0.261889,0.210999,0.340400,-0.196661,0.779760,0.179433,0.070648,0.547914,0.339932,0.372997,0.191646,0.036766,0.570406,0.138392,0.141687,0.246441,-0.214567,0.482002,0.201540,0.058858,0.313996,-0.151166,-0.042785,0.538132,0.642775,-0.476494,0.909551,100.000000,100.000000,100.000000,100.000000,100.000000
WB2024_EVT_002709,PASS,0.630813,0.663315,0.096907,0.466879,0.723628,0.578528,0.628908,0.147264,0.340858,0.709346,0.052285,0.020529,0.189071,0.357375,0.399515,0.124322,0.131146,0.469353,0.285645,0.346633,0.171259,-0.003848,0.430593,0.071730,0.041149,0.071682,0.020528,0.028741,0.079771,0.200039,-0.003282,0.438682,100.000000,100.000000,100.000000,100.000000,100.000000
WB2024_EVT_002831,PASS,0.517970,0.537483,0.274923,0.180637,0.864729,0.499566,0.512032,0.318047,0.087456,0.899076,0.018405,0.018447,0.108431,0.255595,0.248296,0.256825,-0.074711,0.596593,0.145514,0.183919,0.365059,-0.468113,0.579869,0.110080,0.038754,0.155576,-0.011498,0.008429,0.145655,0.402421,-0.393571,0.543010,100.000000,100.000000,100.000000,100.000000,100.000000
WB2024_EVT_003205,PASS,0.042620,0.040860,0.023159,0.014332,0.073259,0.187846,0.183654,0.033452,0.154976,0.221505,-0.145226,-0.143171,-0.106173,0.237819,0.237566,0.024648,0.207444,0.268278,-0.152662,-0.171488,0.086942,-0.245922,0.002417,0.390481,0.405385,0.085962,0.246869,0.348574,0.451113,0.486736,0.041530,0.601930,100.000000,100.000000,100.000000,100.000000,100.000000
WB2024_EVT_003283,PASS,0.487674,0.496658,0.102776,0.348830,0.614814,0.347728,0.330963,0.114218,0.212246,0.512145,0.139945,0.145071,0.307586,0.164892,0.174001,0.101123,0.028648,0.284720,-0.050555,-0.061853,0.144190,-0.226231,0.144081,0.215447,0.220686,0.152262,-0.004327,0.110712,0.325535,0.402118,-0.165076,0.751870,100.000000,100.000000,100.000000,100.000000,100.000000
WB2024_EVT_003293,PASS,0.371069,0.358816,0.111287,0.223889,0.523621,-0.001423,-0.009065,0.038986,-0.041144,0.049619,0.372492,0.363475,0.528892,0.114925,0.093762,0.103054,-0.005463,0.255559,0.117977,0.110860,0.057587,0.058559,0.191358,-0.003052,-0.012641,0.112092,-0.142386,-0.082396,0.076103,0.145281,-0.292146,0.393409,100.000000,100.000000,100.000000,100.000000,100.000000
WB2024_EVT_003497,PASS,0.437274,0.440068,0.130616,0.263740,0.604744,0.575486,0.597080,0.172723,0.337491,0.789644,-0.138212,-0.175608,0.198173,0.184663,0.180223,0.123952,0.023626,0.348518,0.419609,0.438431,0.109632,0.287831,0.534214,-0.234946,-0.253763,0.158864,-0.428023,-0.361768,-0.113781,-0.015526,-0.666762,0.236066,100.000000,100.000000,100.000000,100.000000,100.000000
WB2024_EVT_003853,PASS,0.297640,0.224855,0.190419,0.103064,0.622854,0.185872,0.116406,0.248932,-0.077205,0.586536,0.111768,0.117766,0.268301,0.193216,0.178202,0.220519,-0.094923,0.522269,-0.068522,-0.081081,0.265379,-0.384824,0.313420,0.261738,0.245002,0.182218,0.036596,0.122895,0.384592,0.511501,-0.189211,1.079487,100.000000,100.000000,100.000000,100.000000,100.000000
WB2024_EVT_003854,PASS,0.267698,0.186813,0.199152,0.057535,0.579789,0.226934,0.132308,0.296416,-0.068137,0.677134,0.040763,0.055249,0.162714,0.120945,0.098072,0.251086,-0.199633,0.465028,-0.029671,-0.078804,0.301147,-0.363535,0.392772,0.150616,0.115927,0.164886,-0.014621,0.044109,0.220518,0.357995,-0.611637,1.121603,100.000000,100.000000,100.000000,100.000000,100.000000
WB2024_EVT_003856,PASS,-0.012385,-0.060616,0.176601,-0.183095,0.291231,0.068540,0.041184,0.091011,-0.013017,0.210215,-0.080924,-0.105241,0.088380,0.056040,0.067665,0.204270,-0.243023,0.319076,-0.058927,-0.053587,0.170261,-0.270320,0.173389,0.114967,0.105199,0.136912,-0.040905,0.028012,0.188187,0.272438,-0.305888,0.848638,100.000000,100.000000,100.000000,100.000000,100.000000
WB2024_EVT_003857,MISSING_BEFORE,,,,,,,,,,,,,,,,,,,,,,,,,,,,,,,,,,,,,
WB2024_EVT_003863,PASS,0.111065,0.039170,0.195718,-0.067784,0.492592,0.349993,0.487833,0.406808,-0.190288,0.800341,0.044478,0.055937,0.285123,0.361930,0.415742,0.230749,0.030042,0.629143,0.142920,0.296305,0.373455,-0.385869,0.520070,0.478319,0.523516,0.340047,0.029033,0.180112,0.731351,0.892877,-0.601525,1.551141,54.009892,100.000000,54.009892,100.000000,54.009892
WB2024_EVT_003864,PASS,0.049012,0.045293,0.066912,-0.031258,0.135005,0.302721,0.297671,0.210330,0.018162,0.593091,-0.253708,-0.241730,0.013311,0.135566,0.131608,0.090205,0.023473,0.252839,0.191597,0.210809,0.266547,-0.119167,0.518789,-0.056030,-0.058595,0.265762,-0.399897,-0.262393,0.121842,0.265227,-0.613990,1.073458,100.000000,100.000000,100.000000,100.000000,100.000000
WB2024_EVT_003919,PASS,0.380263,0.377163,0.261239,0.055810,0.706971,0.310475,0.291296,0.191143,0.076580,0.557693,0.069788,0.080283,0.164216,0.114497,0.112120,0.199028,-0.131649,0.361357,0.175400,0.167276,0.150977,-0.015617,0.366680,-0.060903,-0.044141,0.076572,-0.146696,-0.081377,-0.014216,0.006731,-0.639324,0.200086,100.000000,100.000000,100.000000,100.000000,100.000000
WB2024_EVT_004255,PASS,0.189609,0.161210,0.117088,0.069256,0.370159,0.313104,0.256899,0.169903,0.144322,0.595201,-0.123495,-0.112062,-0.035662,0.148559,0.130125,0.158809,-0.018265,0.366170,0.012935,-0.025312,0.182536,-0.177442,0.289322,0.135624,0.138811,0.076090,0.052268,0.100425,0.176433,0.213529,-0.617490,0.515756,100.000000,100.000000,100.000000,100.000000,100.000000
WB2024_EVT_004303,PASS,0.339792,0.333698,0.203485,0.073266,0.611018,0.179326,0.157467,0.130355,0.030114,0.354671,0.160466,0.162274,0.280436,0.117390,0.134452,0.234856,-0.106988,0.371578,0.116266,0.125862,0.148287,-0.006795,0.260619,0.001124,0.023298,0.166853,-0.135231,-0.050617,0.090327,0.136031,-1.031552,0.827223,100.000000,100.000000,100.000000,100.000000,100.000000
WB2024_EVT_004603,PASS,0.199877,0.193182,0.051162,0.149363,0.253432,0.212087,0.197621,0.067040,0.165781,0.254025,-0.018618,-0.012241,0.040993,0.045114,0.033957,0.093399,-0.022372,0.141774,-0.025439,-0.037499,0.072520,-0.086009,0.032028,0.062512,0.054970,0.067119,-0.008881,0.020807,0.100665,0.159208,-0.230019,0.261349,100.000000,10.810811,100.000000,10.810811,10.810811
WB2024_EVT_005629,PASS,0.232861,0.219868,0.060343,0.190749,0.295484,0.227655,0.205773,0.084428,0.166079,0.322505,0.005206,0.010172,0.046713,-0.004856,-0.013969,0.080522,-0.080631,0.085375,-0.080547,-0.094430,0.106428,-0.197673,0.050380,0.075691,0.052072,0.080367,-0.001090,0.026092,0.131253,0.191159,-0.368730,0.642865,100.000000,100.000000,100.000000,100.000000,100.000000
