event_id,before_readable,before_width,before_height,before_bands,before_valid_percent,before_mean_brightness,before_median_brightness,before_dark_percent,before_bright_percent,before_clipped_reflectance_percent,before_contrast,before_min_value,before_max_value,before_error,after_readable,after_width,after_height,after_bands,after_valid_percent,after_mean_brightness,after_median_brightness,after_dark_percent,after_bright_percent,after_clipped_reflectance_percent,after_contrast,after_min_value,after_max_value,after_error,brightness_difference,imagery_quality,quality_reason,brightness_metric_basis,clipping_metric_basis,contrast_metric_basis
WB2024_EVT_000716,True,104.0,111.0,7.0,100.0,0.10083158314228058,0.0989999994635582,0.0,0.0,0.0,0.03809498995542526,0.0681999996304512,0.241799995303154,,True,104,111,7,100.0,0.08835320919752121,0.08469999581575394,0.0,0.0,0.0,0.04949001222848892,0.05310000106692314,0.2498999983072281,,0.012478373944759369,GOOD,No obvious image-quality problems detected,raw Sentinel-2 reflectance,raw reflectance >= 1.0; potential clipping only,raw reflectance p95 - p5
WB2024_EVT_000926,True,102.0,111.0,7.0,100.0,0.022806866094470024,0.021300001069903374,45.23935700406289,0.0,0.0,0.033998335711658,0.0,0.09889999777078629,,True,102,111,7,100.0,0.05919557437300682,0.05873333290219307,0.0,0.0,0.0,0.02506667748093605,0.031599998474121094,0.10830000042915344,,0.0363887082785368,QUESTIONABLE,AFTER: very low contrast,raw Sentinel-2 reflectance,raw reflectance >= 1.0; potential clipping only,raw reflectance p95 - p5
WB2024_EVT_001083,True,102.0,113.0,7.0,100.0,0.09386962652206421,0.07756666094064713,0.0,0.0,0.0,0.1292833462357521,0.05050000175833702,0.2599000036716461,,True,102,113,7,100.0,0.08354496955871582,0.06413333863019943,0.0,0.0,0.0,0.15166666731238365,0.029500000178813934,0.2777000069618225,,0.010324656963348389,GOOD,No obvious image-quality problems detected,raw Sentinel-2 reflectance,raw reflectance >= 1.0; potential clipping only,raw reflectance p95 - p5
WB2024_EVT_001308,True,100.0,112.0,7.0,100.0,0.07309658825397491,0.07063332945108414,0.0,0.0,0.0,0.056735001504421234,0.033399999141693115,0.16410000622272491,,True,100,112,7,100.0,0.06636808812618256,0.06469999998807907,0.0,0.0,0.0,0.04650333151221275,0.026799999177455902,0.14990000426769257,,0.006728500127792358,GOOD,No obvious image-quality problems detected,raw Sentinel-2 reflectance,raw reflectance >= 1.0; potential clipping only,raw reflectance p95 - p5
WB2024_EVT_001988,True,103.0,112.0,7.0,100.0,0.316195011138916,0.2236500084400177,0.0,4.247572815533981,0.0,0.7064583078026772,0.055399999022483826,1.0647000074386597,,True,103,112,7,100.0,0.0936397835612297,0.09293332695960999,0.0,0.0,0.0,0.04909999668598175,0.03440000116825104,0.2076999992132187,,0.2225552275776863,GOOD,No obvious image-quality problems detected,raw Sentinel-2 reflectance,raw reflectance >= 1.0; potential clipping only,raw reflectance p95 - p5
WB2024_EVT_002151,True,102.0,111.0,7.0,100.0,0.05309654399752617,0.05583333596587181,13.725490196078432,0.0,0.0,0.09069833159446716,0.0,0.2542000114917755,,True,102,111,7,100.0,0.06590670347213745,0.05925000458955765,0.1413177883766119,0.0,0.0,0.0794300027191639,0.008999999612569809,0.3009999990463257,,0.012810159474611282,GOOD,No obvious image-quality problems detected,raw Sentinel-2 reflectance,raw reflectance >= 1.0; potential clipping only,raw reflectance p95 - p5
WB2024_EVT_002255,True,102.0,111.0,7.0,100.0,0.03384546935558319,0.033666666597127914,3.77141847730083,0.0,0.0,0.027531666681170464,0.011300000362098217,0.09539999812841415,,True,102,111,7,100.0,0.11318239569664001,0.04906666651368141,5.343578872990638,3.2238120473414593,1.8282988871224166,0.6260499656200409,0.0,1.5180000066757202,,0.07933692634105682,QUESTIONABLE,BEFORE: very low contrast,raw Sentinel-2 reflectance,raw reflectance >= 1.0; potential clipping only,raw reflectance p95 - p5
WB2024_EVT_002263,True,102.0,111.0,7.0,100.0,0.21241165697574615,0.18516667187213898,0.0,0.0,0.0,0.264596626162529,0.09390000253915787,0.7864999771118164,,True,102,111,7,100.0,0.1141594648361206,0.11414999514818192,0.0,0.0,0.0,0.04973165690898895,0.03830000013113022,0.21449999511241913,,0.09825219213962555,GOOD,No obvious image-quality problems detected,raw Sentinel-2 reflectance,raw reflectance >= 1.0; potential clipping only,raw reflectance p95 - p5
WB2024_EVT_002312,True,102.0,112.0,7.0,100.0,0.12224343419075012,0.13236665725708008,0.0,0.0,0.0,0.10372332856059074,0.013700000010430813,0.24809999763965607,,True,102,112,7,100.0,0.08995137363672256,0.07966666668653488,0.0,0.0,0.0,0.08652333170175552,0.0272000003606081,0.2425999939441681,,0.03229206055402756,GOOD,No obvious image-quality problems detected,raw Sentinel-2 reflectance,raw reflectance >= 1.0; potential clipping only,raw reflectance p95 - p5
WB2024_EVT_002359,True,102.0,111.0,7.0,100.0,0.10889021307229996,0.11435000598430634,0.0,0.0,0.0,0.06703333556652069,0.027699999511241913,0.2312999963760376,,True,102,111,7,100.0,0.10205700993537903,0.10353332757949829,0.0,0.0,0.0,0.06189499795436859,0.027300000190734863,0.23160000145435333,,0.006833203136920929,GOOD,No obvious image-quality problems detected,raw Sentinel-2 reflectance,raw reflectance >= 1.0; potential clipping only,raw reflectance p95 - p5
WB2024_EVT_002579,True,102.0,111.0,7.0,100.0,0.07254360616207123,0.07150000333786011,0.0,0.0,0.0,0.03386499360203743,0.014299999922513962,0.211899995803833,,True,102,111,7,100.0,0.08674414455890656,0.08623334020376205,0.0,0.0,0.0,0.043563321232795715,0.013399999588727951,0.218299999833107,,0.014200538396835327,GOOD,No obvious image-quality problems detected,raw Sentinel-2 reflectance,raw reflectance >= 1.0; potential clipping only,raw reflectance p95 - p5
WB2024_EVT_002597,True,102.0,112.0,7.0,100.0,0.11443183571100235,0.12364999949932098,0.0,0.0,0.0,0.13126667216420174,0.014499999582767487,0.2883000075817108,,True,102,112,7,100.0,0.07562588900327682,0.06636666506528854,4.936974789915967,0.0,0.0,0.15388999693095684,0.0,0.3240000009536743,,0.038805946707725525,GOOD,No obvious image-quality problems detected,raw Sentinel-2 reflectance,raw reflectance >= 1.0; potential clipping only,raw reflectance p95 - p5
WB2024_EVT_002703,True,104.0,111.0,7.0,100.0,0.07173015922307968,0.058500003069639206,0.008662508662508662,0.0,0.0,0.08939499780535698,0.007199999876320362,0.24480000138282776,,True,104,111,7,100.0,0.0740843117237091,0.062033336609601974,0.537075537075537,0.0,0.0,0.09179499745368958,0.00019999999494757503,0.21850000321865082,,0.002354152500629425,GOOD,No obvious image-quality problems detected,raw Sentinel-2 reflectance,raw reflectance >= 1.0; potential clipping only,raw reflectance p95 - p5
WB2024_EVT_002709,True,103.0,111.0,7.0,100.0,0.06784801185131073,0.06536666303873062,0.0,0.0,0.0,0.028499998152256012,0.027400000020861626,0.1500999927520752,,True,103,111,7,100.0,0.06873641908168793,0.0649000033736229,0.0,0.0,0.0,0.04424666613340378,0.01940000057220459,0.18729999661445618,,0.0008884072303771973,QUESTIONABLE,BEFORE: very low contrast,raw Sentinel-2 reflectance,raw reflectance >= 1.0; potential clipping only,raw reflectance p95 - p5
WB2024_EVT_002831,True,102.0,112.0,7.0,100.0,0.08012089133262634,0.0731000006198883,0.0,0.0,0.0,0.10929498635232449,0.01209999993443489,0.23260000348091125,,True,102,112,7,100.0,0.06316590309143066,0.04726666584610939,11.011904761904761,0.0,0.0,0.1386666689068079,0.0,0.2818000018596649,,0.01695498824119568,GOOD,No obvious image-quality problems detected,raw Sentinel-2 reflectance,raw reflectance >= 1.0; potential clipping only,raw reflectance p95 - p5
WB2024_EVT_003205,True,103.0,111.0,7.0,100.0,0.3719748556613922,0.36363330483436584,0.0,0.0,0.0,0.1125333309173584,0.27320000529289246,0.5356000065803528,,True,103,111,7,100.0,0.08078774809837341,0.0716666653752327,0.0,0.0,0.0,0.10191332176327705,0.035999998450279236,0.26930001378059387,,0.2911871075630188,QUESTIONABLE,large BEFORE/AFTER brightness difference,raw Sentinel-2 reflectance,raw reflectance >= 1.0; potential clipping only,raw reflectance p95 - p5
WB2024_EVT_003283,True,103.0,111.0,7.0,100.0,0.06746891140937805,0.06653333455324173,0.0,0.0,0.0,0.02853333204984665,0.026799999177455902,0.17880000174045563,,True,103,111,7,100.0,0.07209251821041107,0.07143333554267883,0.0,0.0,0.0,0.02208000048995018,0.03530000150203705,0.17649999260902405,,0.00462360680103302,POOR,BEFORE: very low contrast; AFTER: very low contrast,raw Sentinel-2 reflectance,raw reflectance >= 1.0; potential clipping only,raw reflectance p95 - p5
WB2024_EVT_003293,True,103.0,111.0,7.0,100.0,0.11189202219247818,0.10749999433755875,0.0,0.0,0.0,0.08692666888237,0.05220000073313713,0.249099999666214,,True,103,111,7,100.0,0.7165476083755493,0.7297332882881165,0.0,34.20799440216916,2.7901688095862855,0.5819333493709564,0.16429999470710754,1.2044999599456787,,0.6046555861830711,QUESTIONABLE,large BEFORE/AFTER brightness difference,raw Sentinel-2 reflectance,raw reflectance >= 1.0; potential clipping only,raw reflectance p95 - p5
WB2024_EVT_003497,True,102.0,111.0,7.0,100.0,0.09456496685743332,0.09040000289678574,0.0,0.0,0.0,0.0890333354473114,0.006800000090152025,0.2485000044107437,,True,102,111,7,100.0,0.063846156001091,0.06320000439882278,0.008832361773538244,0.0,0.0,0.05059666186571121,0.0010999999940395355,0.2386000007390976,,0.030718810856342316,GOOD,No obvious image-quality problems detected,raw Sentinel-2 reflectance,raw reflectance >= 1.0; potential clipping only,raw reflectance p95 - p5
WB2024_EVT_003853,True,103.0,111.0,7.0,100.0,0.09595085680484772,0.09156665951013565,0.0,0.0,0.0,0.05661332607269287,0.05770000070333481,0.23330000042915344,,True,103,111,7,100.0,0.05922654643654823,0.05140000209212303,6.358785970436457,0.0,0.0,0.1027133334428072,0.0,0.3246999979019165,,0.036724310368299484,GOOD,No obvious image-quality problems detected,raw Sentinel-2 reflectance,raw reflectance >= 1.0; potential clipping only,raw reflectance p95 - p5
WB2024_EVT_003854,True,103.0,111.0,7.0,100.0,0.08961056172847748,0.08786666393280029,0.0,0.0,0.0,0.03806000202894211,0.05339999869465828,0.22550000250339508,,True,103,111,7,100.0,0.05027952790260315,0.04436666890978813,2.9301145806000175,0.0,0.0,0.0757600050419569,0.0012000000569969416,0.2621000111103058,,0.03933103382587433,GOOD,No obvious image-quality problems detected,raw Sentinel-2 reflectance,raw reflectance >= 1.0; potential clipping only,raw reflectance p95 - p5
WB2024_EVT_003856,True,102.0,111.0,7.0,100.0,0.20409220457077026,0.1187666654586792,0.0,5.4142377671789435,2.6143790849673203,0.7434450015425682,0.0706000030040741,1.3986999988555908,,True,102,111,7,100.0,0.04379671439528465,0.041833337396383286,0.008832361773538244,0.0,0.0,0.03426666371524334,0.017100000753998756,0.1834000051021576,,0.1602954901754856,GOOD,No obvious image-quality problems detected,raw Sentinel-2 reflectance,raw reflectance >= 1.0; potential clipping only,raw reflectance p95 - p5
WB2024_EVT_003857,False,,,,,,,,,,,,,file_missing,True,102,111,7,100.0,0.0452008955180645,0.04099999740719795,0.0,0.0,0.0,0.053300002589821815,0.017999999225139618,0.17219999432563782,,,POOR,BEFORE: file missing,raw Sentinel-2 reflectance,raw reflectance >= 1.0; potential clipping only,raw reflectance p95 - p5
WB2024_EVT_003863,True,102.0,111.0,7.0,100.0,0.10250615328550339,0.0965166687965393,45.990107754813636,0.8832361773538244,0.362126832715068,0.29602500796318054,0.0,1.3210999965667725,,True,102,111,7,100.0,0.03684332221746445,0.03519999980926514,7.127715951245363,0.0,0.0,0.04173166863620281,0.0,0.1266999989748001,,0.06566283106803894,GOOD,No obvious image-quality problems detected,raw Sentinel-2 reflectance,raw reflectance >= 1.0; potential clipping only,raw reflectance p95 - p5
WB2024_EVT_003864,True,104.0,111.0,7.0,100.0,0.3835541307926178,0.38351666927337646,0.0,0.0,0.0,0.23445665836334229,0.15680000185966492,0.6521999835968018,,True,104,111,7,100.0,0.07829327881336212,0.07509999722242355,0.0,0.0,0.0,0.03606667369604111,0.04919999837875366,0.4781000018119812,,0.3052608519792557,QUESTIONABLE,large BEFORE/AFTER brightness difference,raw Sentinel-2 reflectance,raw reflectance >= 1.0; potential clipping only,raw reflectance p95 - p5
WB2024_EVT_003919,True,102.0,111.0,7.0,100.0,0.06140970066189766,0.05053333565592766,1.1393746687864335,0.0,0.0,0.094200000166893,0.00430000014603138,0.2703999876976013,,True,102,111,7,100.0,0.08173786103725433,0.07319999486207962,0.0,0.0,0.0,0.08003167435526848,0.023399999365210533,0.22179999947547913,,0.020328160375356674,GOOD,No obvious image-quality problems detected,raw Sentinel-2 reflectance,raw reflectance >= 1.0; potential clipping only,raw reflectance p95 - p5
WB2024_EVT_004255,True,103.0,112.0,7.0,100.0,0.17497488856315613,0.17943334579467773,0.0,0.0,0.0,0.09057500958442688,0.0877000018954277,0.296099990606308,,True,103,112,7,100.0,0.09976647049188614,0.10329999774694443,0.0,0.0,0.0,0.08990832418203354,0.021299999207258224,0.23469999432563782,,0.07520841807126999,GOOD,No obvious image-quality problems detected,raw Sentinel-2 reflectance,raw reflectance >= 1.0; potential clipping only,raw reflectance p95 - p5
WB2024_EVT_004303,True,102.0,111.0,7.0,100.0,0.06083943694829941,0.05483333393931389,0.0,0.0,0.0,0.06089833006262779,0.02419999986886978,0.26989999413490295,,True,102,111,7,100.0,0.08091993629932404,0.07620000094175339,0.0,0.0,0.0,0.0639316737651825,0.035999998450279236,0.21549999713897705,,0.020080499351024628,GOOD,No obvious image-quality problems detected,raw Sentinel-2 reflectance,raw reflectance >= 1.0; potential clipping only,raw reflectance p95 - p5
WB2024_EVT_004603,True,102.0,111.0,7.0,100.0,0.12462589889764786,0.12373333424329758,0.0,0.0,0.0,0.04026498645544052,0.0754999965429306,0.2046000063419342,,True,102,111,7,100.0,0.008305078372359276,0.0,89.1891891891892,0.0,0.0,0.07756666839122772,0.0,0.14339999854564667,,0.11632082052528858,QUESTIONABLE,AFTER: predominantly low-reflectance,raw Sentinel-2 reflectance,raw reflectance >= 1.0; potential clipping only,raw reflectance p95 - p5
WB2024_EVT_005629,True,102.0,111.0,7.0,100.0,0.12075597792863846,0.12483332306146622,0.0,0.0,0.0,0.06532832980155945,0.04450000077486038,0.2298000007867813,,True,102,111,7,100.0,0.09521185606718063,0.09319999814033508,0.0,0.0,0.0,0.07369833067059517,0.027300000190734863,0.22390000522136688,,0.025544121861457825,GOOD,No obvious image-quality problems detected,raw Sentinel-2 reflectance,raw reflectance >= 1.0; potential clipping only,raw reflectance p95 - p5
